date,session_count,total_kWh,avg_kWh,median_kWh,avg_connected_h,avg_charging_h,avg_idle_h,avg_power_kW,n_stations,n_unique_users,long_stay_share,weekend_arrival_share,morning_arrival_share,default_energy_spike_share,high_energy_share,mean_requested_energy,dayofweek,is_weekend,month,day_of_month,week_of_year,quarter,lag_1,lag_7,lag_14,rolling_7_mean,rolling_14_mean,rolling_7_std
2018-04-25,59,441.601,7.4847627118644064,6.023,5.7471610169491525,2.580645009416196,3.1676318267419963,3.2827438115096705,36,0,0.4576271186440678,0.0,0.5254237288135594,0.03389830508474576,0.06779661016949153,,2,False,4,25,17,2,,,,,,
2018-04-26,47,338.813,7.2087872340425525,5.723,6.445159574468085,3.14621158392435,3.299290780141844,2.994714344198513,37,0,0.5957446808510638,0.0,0.6595744680851063,0.0851063829787234,0.06382978723404255,,3,False,4,26,17,2,59.0,,,,,
2018-04-27,51,572.427,11.224058823529413,9.823,7.720430283224402,4.049825708061002,3.671563180827887,3.297709269905673,34,0,0.5098039215686274,0.0,0.5490196078431373,0.0784313725490196,0.21568627450980393,,4,False,4,27,17,2,47.0,,,,,
2018-04-28,30,341.13599999999997,11.371199999999998,8.718499999999999,4.2812777777777775,2.330361111111111,1.9509166666666669,5.021458584813307,16,0,0.13333333333333333,1.0,0.3333333333333333,0.2,0.2,,5,True,4,28,17,2,51.0,,,52.333333333333336,,6.110100926607787
2018-04-29,28,264.711,9.453964285714287,9.4435,3.5824603174603173,2.264702380952381,1.3183432539682538,4.762066054064191,17,0,0.10714285714285714,1.0,0.10714285714285714,0.2857142857142857,0.07142857142857142,,6,True,4,29,17,2,30.0,,,46.75,,12.230426539304888
2018-04-30,53,429.6713316666667,8.107006257861636,6.124,6.009916142557652,3.032430555555556,3.0151175213675216,3.209951016104012,38,1,0.5094339622641509,0.0,0.5471698113207547,0.05660377358490566,0.11320754716981132,59.5,0,False,4,30,18,2,28.0,,,43.0,43.0,13.509256086106296
2018-05-01,52,445.684,8.570846153846155,7.426,6.845427350427351,3.60278311965812,3.243269230769231,2.9029793258739556,37,0,0.6538461538461539,0.0,0.5961538461538461,0.11538461538461539,0.09615384615384616,,1,False,5,1,18,2,53.0,,,44.666666666666664,44.666666666666664,12.754084313139328
2018-05-02,57,515.427,9.04257894736842,7.312,6.547962962962963,3.8273586744639374,2.720896686159844,3.027396691783626,36,0,0.5789473684210527,0.0,0.5614035087719298,0.07017543859649122,0.12280701754385964,,2,False,5,2,18,2,52.0,59.0,,45.714285714285715,45.714285714285715,11.96821186468953
2018-05-03,68,508.633,7.479897058823529,6.9555,6.279330065359477,3.64594362745098,2.634362745098039,2.835486975673711,44,0,0.5735294117647058,0.0,0.5882352941176471,0.07352941176470588,0.04411764705882353,,3,False,5,3,18,2,57.0,47.0,,45.42857142857143,47.125,11.616900660347447
2018-05-04,70,681.4560188172039,9.735085983102913,6.975,6.659007936507937,3.9960049019607844,2.747258986928105,2.9892327733393578,41,0,0.45714285714285713,0.0,0.5571428571428572,0.08571428571428572,0.2,,4,False,5,4,18,2,68.0,51.0,,48.42857142857143,49.44444444444444,14.455185261779972
2018-05-05,34,373.808,10.994352941176471,7.714499999999999,5.473161764705883,3.0832434640522877,2.3899183006535942,5.0045919640151375,24,0,0.23529411764705882,1.0,0.3235294117647059,0.11764705882352941,0.17647058823529413,,5,True,5,5,18,2,70.0,30.0,,51.142857142857146,51.5,16.637593690480717
2018-05-06,26,258.73199999999997,9.951230769230769,10.638,3.0064636752136753,2.6662500000000002,0.3416666666666667,4.962816688792729,15,0,0.07692307692307693,1.0,0.19230769230769232,0.2692307692307692,0.11538461538461539,,6,True,5,6,18,2,34.0,28.0,,51.714285714285715,49.90909090909091,15.839973544951452
2018-05-07,62,623.2615117712165,10.052605028568008,9.228029420545425,7.017544802867383,4.046812386156648,2.9969262295081966,3.2837018081994285,41,1,0.5483870967741935,0.0,0.4032258064516129,0.0967741935483871,0.1935483870967742,28.0,0,False,5,7,19,2,26.0,53.0,,51.42857142857143,47.916666666666664,16.348875015905964
2018-05-08,60,467.2051359020309,7.786752265033849,6.774,6.492907407407407,3.6232962962962962,2.8698842592592593,2.7108119401480835,40,0,0.5666666666666667,0.0,0.6166666666666667,0.1,0.06666666666666667,,1,False,5,8,19,2,62.0,52.0,,52.714285714285715,49.0,16.83957922786162
2018-05-09,69,587.899298984468,8.520279695427073,7.081,6.044190821256039,3.3152777777777778,2.729609500805153,3.1163710299182648,42,0,0.463768115942029,0.0,0.5072463768115942,0.014492753623188406,0.13043478260869565,,2,False,5,9,19,2,60.0,57.0,59.0,53.857142857142854,49.785714285714285,17.05313823932486
2018-05-10,62,504.2892900238941,8.133698226191841,6.8740000000000006,6.129887992831541,3.239041218637993,2.8913844086021503,3.0802799577159554,41,0,0.5161290322580645,0.0,0.532258064516129,0.08064516129032258,0.08064516129032258,,3,False,5,10,19,2,69.0,68.0,47.0,55.57142857142857,50.5,17.9986772000717
2018-05-11,59,551.3812016128988,9.345444095133878,6.891,8.464227871939736,4.320979284369114,4.143526365348399,2.6697297370889506,39,1,0.6440677966101694,0.0,0.6440677966101694,0.05084745762711865,0.15254237288135594,38.5,4,False,5,11,19,2,62.0,70.0,51.0,54.714285714285715,51.57142857142857,17.442422287001744
2018-05-12,38,406.1283661111111,10.687588581871346,11.786,3.9573172514619883,3.2474561403508773,0.7111403508771929,4.530693618299846,22,0,0.13157894736842105,1.0,0.2894736842105263,0.3157894736842105,0.07894736842105263,,5,True,5,12,19,2,59.0,34.0,30.0,53.142857142857146,52.142857142857146,16.293440105643448
2018-05-13,25,256.351,10.25404,10.226,4.2998,3.147988888888889,1.1521111111111113,4.389148044513807,18,0,0.16,1.0,0.08,0.12,0.12,,6,True,5,13,19,2,38.0,26.0,28.0,53.714285714285715,52.714285714285715,15.56399997552349
2018-05-14,66,582.1926887694065,8.821101344991007,7.811999999999999,6.016574074074074,3.6431228956228954,2.3739772727272728,3.0453604200180977,42,2,0.5303030303030303,0.0,0.6060606060606061,0.09090909090909091,0.09090909090909091,6.5,0,False,5,14,20,2,25.0,62.0,53.0,53.57142857142857,52.5,15.862504456076524
2018-05-15,65,548.508,8.438584615384617,6.882,6.264175213675213,3.0600641025641027,3.20482905982906,3.1468464440056514,44,1,0.5076923076923077,0.0,0.5384615384615384,0.1076923076923077,0.1076923076923077,5.0,1,False,5,15,20,2,66.0,60.0,52.0,54.142857142857146,53.42857142857143,16.283207827171434
2018-05-16,73,586.184,8.029917808219178,5.995,6.802572298325723,3.0253424657534245,3.7774581430745817,3.0955004924672584,45,1,0.5616438356164384,0.0,0.5753424657534246,0.0547945205479452,0.1506849315068493,20.0,2,False,5,16,20,2,65.0,69.0,57.0,54.857142857142854,54.357142857142854,16.687605894081702
2018-05-17,77,618.871,8.037285714285714,7.321,6.021677489177489,3.335826118326118,2.6866233766233765,3.023287562301885,46,0,0.45454545454545453,0.0,0.5454545454545454,0.06493506493506493,0.09090909090909091,,3,False,5,17,20,2,73.0,62.0,68.0,55.42857142857143,55.5,17.309507434327745
2018-05-18,69,562.825,8.156884057971014,6.645,6.478337359098229,3.5476811594202897,2.931598228663446,2.5897111680320295,43,0,0.5362318840579711,0.0,0.5507246376811594,0.028985507246376812,0.15942028985507245,,4,False,5,18,20,2,77.0,59.0,70.0,57.57142857142857,56.142857142857146,19.095000592276698
2018-05-19,43,449.831,10.461186046511628,8.119,7.007797157622739,4.073527131782946,2.934974160206718,3.5820080971241466,26,0,0.37209302325581395,1.0,0.20930232558139536,0.13953488372093023,0.11627906976744186,,5,True,5,19,20,2,69.0,38.0,34.0,59.0,56.07142857142857,19.58741092300528
2018-05-20,34,273.825,8.053676470588234,7.272,3.7504330065359475,2.9630473856209147,0.788080065359477,3.1345332373027426,21,0,0.20588235294117646,1.0,0.14705882352941177,0.058823529411764705,0.08823529411764706,,6,True,5,20,20,2,43.0,25.0,26.0,59.714285714285715,56.714285714285715,18.76800722607744
2018-05-21,67,585.757,8.742641791044775,6.65,6.573167495854063,4.163876451077944,2.410082918739635,2.582358034857777,42,2,0.5373134328358209,0.0,0.5522388059701493,0.05970149253731343,0.19402985074626866,28.0,0,False,5,21,21,2,34.0,66.0,62.0,61.0,57.285714285714285,16.114175953695753
2018-05-22,79,697.7436538231735,8.832198149660424,8.183,6.6378727144866385,4.005045710267229,2.63323488045007,2.770844806289435,47,1,0.5822784810126582,0.0,0.5443037974683544,0.0759493670886076,0.11392405063291139,28.0,1,False,5,22,21,2,67.0,65.0,60.0,61.142857142857146,57.642857142857146,16.170225430592804
2018-05-23,73,595.619,8.159164383561643,6.564,6.421864535768645,3.558352359208523,2.8640867579908678,2.8908074569443536,45,2,0.5205479452054794,0.0,0.547945205479452,0.0684931506849315,0.1232876712328767,12.0,2,False,5,23,21,2,79.0,73.0,69.0,63.142857142857146,59.0,17.534999015574257
2018-05-24,76,546.471,7.190407894736842,6.875,5.276959064327485,3.0303801169590643,2.2472149122807017,2.9992359900737027,43,0,0.42105263157894735,0.0,0.5789473684210527,0.13157894736842105,0.013157894736842105,,3,False,5,24,21,2,73.0,77.0,62.0,63.142857142857146,59.285714285714285,17.534999015574257
2018-05-25,77,768.681,9.98287012987013,8.738,6.301201298701299,4.057896825396826,2.2443903318903318,2.8842831341878004,46,1,0.4935064935064935,0.0,0.5324675324675324,0.15584415584415584,0.11688311688311688,60.0,4,False,5,25,21,2,76.0,69.0,59.0,63.0,60.285714285714285,17.4068951855292
2018-05-26,32,322.653,10.08290625,9.519,6.317144097222222,2.8486371527777776,3.469019097222222,4.623803829918266,23,0,0.34375,1.0,0.375,0.21875,0.09375,,5,True,5,26,21,2,77.0,43.0,38.0,64.14285714285714,61.57142857142857,18.114713830001755
2018-05-27,21,228.19299999999998,10.866333333333333,10.684,5.226719576719576,4.140873015873016,1.0866269841269844,3.8329582890165197,13,0,0.19047619047619047,1.0,0.047619047619047616,0.23809523809523808,0.047619047619047616,,6,True,5,27,21,2,32.0,34.0,25.0,62.57142857142857,61.142857142857146,20.565806109957876
2018-05-28,20,156.515,7.825749999999999,7.3195,5.552013888888888,3.7070833333333333,1.8450833333333332,4.611189568296394,14,0,0.35,0.0,0.15,0.05,0.1,,0,False,5,28,22,2,21.0,67.0,66.0,60.714285714285715,60.857142857142854,23.893613412474092
2018-05-29,69,659.722,9.5611884057971,8.537,6.64157809983897,3.9739653784219002,2.6680797101449274,2.952014148517515,46,0,0.5507246376811594,0.0,0.6086956521739131,0.07246376811594203,0.14492753623188406,,1,False,5,29,22,2,20.0,79.0,65.0,54.0,57.57142857142857,28.07133769523641
2018-05-30,73,697.772,9.558520547945205,9.848,6.158748097412481,3.617652207001522,2.5413127853881274,3.0392834936864435,47,0,0.5205479452054794,0.0,0.5205479452054794,0.0958904109589041,0.136986301369863,,2,False,5,30,22,2,69.0,73.0,73.0,52.57142857142857,57.857142857142854,26.813287395475804
2018-05-31,78,619.973,7.948371794871794,6.5035,5.4984009971509975,3.2833796296296294,2.215395299145299,2.957148790414067,45,0,0.41025641025641024,0.0,0.5641025641025641,0.11538461538461539,0.05128205128205128,,3,False,5,31,22,2,73.0,76.0,77.0,52.57142857142857,57.857142857142854,26.813287395475804
2018-06-01,63,538.11768339307,8.541550530048731,7.079,7.261582892416226,3.3782451499118165,3.8838447971781305,2.922822769579736,42,0,0.49206349206349204,0.0,0.6507936507936508,0.047619047619047616,0.12698412698412698,,4,False,6,1,22,2,78.0,77.0,69.0,52.857142857142854,57.92857142857143,27.113517977991304
2018-06-02,38,424.41821444444446,11.168900380116959,8.111,5.143764619883041,3.165548245614035,1.9785818713450294,4.661328590003982,25,2,0.2631578947368421,1.0,0.15789473684210525,0.13157894736842105,0.15789473684210525,40.0,5,True,6,2,22,2,63.0,32.0,43.0,50.857142857142854,57.5,25.504434721753608
2018-06-03,38,395.853,10.417184210526315,10.114,5.165190058479532,3.434751461988304,1.7308698830409357,4.311001454162979,24,0,0.3157894736842105,1.0,0.2894736842105263,0.21052631578947367,0.13157894736842105,,6,True,6,3,22,2,38.0,21.0,34.0,51.714285714285715,57.142857142857146,24.857690196491756
2018-06-04,64,599.897,9.373390625,8.0285,6.486345486111111,3.6822743055555556,2.804587673611111,3.016794485709321,40,1,0.46875,0.0,0.546875,0.046875,0.203125,8.0,0,False,6,4,23,2,38.0,20.0,67.0,54.142857142857146,57.42857142857143,22.025958711094905
2018-06-05,76,675.4200839307,8.88710636750921,8.289000000000001,6.524502923976608,4.117123538011696,2.4080263157894737,2.66347766136644,47,0,0.5657894736842105,0.0,0.5789473684210527,0.06578947368421052,0.13157894736842105,,1,False,6,5,23,2,64.0,69.0,79.0,60.42857142857143,57.214285714285715,16.154020581650286
2018-06-06,78,694.3064022222222,8.901364131054132,8.251999999999999,6.698611111111111,3.8697435897435892,2.829494301994302,2.918223960780671,46,0,0.5384615384615384,0.0,0.5256410256410257,0.02564102564102564,0.1794871794871795,,2,False,6,6,23,2,76.0,73.0,73.0,61.42857142857143,57.0,16.969159700833185
2018-06-07,74,601.88,8.133513513513513,7.904,6.40387012012012,3.8842004504504506,2.5201088588588587,2.839878269127415,44,0,0.5675675675675675,0.0,0.5540540540540541,0.08108108108108109,0.0945945945945946,,3,False,6,7,23,2,78.0,78.0,76.0,62.142857142857146,57.357142857142854,17.629790804474222
2018-06-08,83,774.113,9.32666265060241,7.266,7.031191432396251,3.848095716198126,3.183868808567604,2.839959428514825,46,0,0.5060240963855421,0.0,0.5060240963855421,0.08433734939759036,0.1566265060240964,,4,False,6,8,23,2,74.0,63.0,77.0,61.57142857142857,57.214285714285715,17.086614086833617
2018-06-09,32,348.686,10.8964375,7.8375,4.973541666666667,2.705208333333333,2.2693489583333335,4.3892099341392345,22,0,0.25,1.0,0.40625,0.125,0.1875,,5,True,6,9,23,2,83.0,38.0,32.0,64.42857142857143,57.642857142857146,18.937239704324583
2018-06-10,28,294.1,10.50357142857143,11.361,4.557271825396826,2.7465873015873017,1.8118551587301586,4.572278691051922,15,0,0.21428571428571427,1.0,0.10714285714285714,0.21428571428571427,0.14285714285714285,,6,True,6,10,23,2,32.0,38.0,21.0,63.57142857142857,57.642857142857146,20.411248066177812
2018-06-11,78,736.668,9.444461538461539,8.7275,5.777809829059829,4.19147792022792,1.5871581196581197,2.7581063452468557,44,1,0.48717948717948717,0.0,0.5128205128205128,0.08974358974358974,0.14102564102564102,56.0,0,False,6,11,24,2,28.0,64.0,20.0,62.142857142857146,58.142857142857146,22.718777633113476
2018-06-12,76,636.565,8.375855263157895,7.651,5.941498538011696,3.388358918128655,2.5535672514619883,3.133661453542564,45,0,0.5263157894736842,0.0,0.5657894736842105,0.05263157894736842,0.07894736842105263,,1,False,6,12,24,2,78.0,76.0,69.0,64.14285714285714,62.285714285714285,23.511901748040792
2018-06-13,78,664.598,8.520487179487178,7.039,5.913329772079772,3.5291168091168093,2.384423076923077,2.9145232421237983,42,0,0.48717948717948717,0.0,0.5256410256410257,0.02564102564102564,0.16666666666666666,,2,False,6,13,24,2,76.0,78.0,73.0,64.14285714285714,62.785714285714285,23.511901748040792
2018-06-14,72,588.125,8.168402777777779,6.935499999999999,5.913121141975308,2.9907831790123454,2.922696759259259,3.046091666205084,43,0,0.4583333333333333,0.0,0.5277777777777778,0.05555555555555555,0.08333333333333333,,3,False,6,14,24,2,78.0,74.0,78.0,64.14285714285714,63.142857142857146,23.511901748040792
2018-06-15,84,624.281,7.431916666666666,6.3919999999999995,6.2343981481481485,3.1444940476190473,3.0904794973544973,2.7511946992575176,45,0,0.44047619047619047,0.0,0.5238095238095238,0.08333333333333333,0.05952380952380952,,4,False,6,15,24,2,72.0,83.0,63.0,63.857142857142854,62.714285714285715,23.383958685593072
2018-06-16,29,285.91200000000003,9.859034482758622,9.448,5.218065134099617,3.1068486590038313,2.1117816091954023,4.150148288648901,19,0,0.20689655172413793,1.0,0.1724137931034483,0.20689655172413793,0.06896551724137931,,5,True,6,16,24,2,84.0,32.0,38.0,64.0,64.21428571428571,23.52303835250313
2018-06-17,30,392.561,13.085366666666665,11.654499999999999,4.1894629629629625,3.316990740740741,0.8730277777777775,4.565578630352281,21,0,0.2,1.0,0.23333333333333334,0.13333333333333333,0.23333333333333334,,6,True,6,17,24,2,29.0,28.0,38.0,63.57142857142857,63.57142857142857,24.22021980947009
2018-06-18,66,726.551,11.008348484848485,10.3975,7.270921717171717,4.63428872053872,2.636881313131313,2.707154435372474,45,2,0.6212121212121212,0.0,0.5757575757575758,0.09090909090909091,0.22727272727272727,19.0,0,False,6,18,25,2,30.0,78.0,64.0,63.857142857142854,63.0,23.737653432388598
2018-06-19,81,674.718,8.329851851851851,7.102,5.4361694101508915,3.339561042524006,2.097006172839506,2.8515706416725077,47,1,0.41975308641975306,0.0,0.5185185185185185,0.037037037037037035,0.14814814814814814,25.0,1,False,6,19,25,2,66.0,76.0,76.0,62.142857142857146,63.142857142857146,22.966849816119545
2018-06-20,72,629.9314548984469,8.74904798470065,7.314,6.823549382716049,3.907920524691358,2.9160725308641977,2.8080792219097095,46,0,0.5972222222222222,0.0,0.6111111111111112,0.06944444444444445,0.1388888888888889,,2,False,6,20,25,2,81.0,78.0,78.0,62.857142857142854,63.5,23.540239105473354
2018-06-21,76,643.9396344085968,8.472889926428905,6.949,6.069232456140351,3.343720760233918,2.725730994152047,3.132206066289587,41,0,0.5,0.0,0.4868421052631579,0.07894736842105263,0.11842105263157894,,3,False,6,21,25,2,72.0,72.0,74.0,62.0,63.07142857142857,22.999999999999996
2018-06-22,71,624.234,8.792028169014085,7.439,7.0286697965571205,3.426322378716745,3.602805164319249,2.854908414241288,41,1,0.5633802816901409,0.0,0.5211267605633803,0.08450704225352113,0.1267605633802817,5.0,4,False,6,22,25,2,76.0,84.0,83.0,62.57142857142857,63.214285714285715,23.337074530005843
2018-06-23,36,357.334,9.925944444444445,9.5765,6.182175925925926,2.329783950617284,3.8523919753086417,4.398975867813021,23,0,0.19444444444444445,1.0,0.3611111111111111,0.2222222222222222,0.16666666666666666,,5,True,6,23,25,2,71.0,29.0,32.0,60.714285714285715,62.357142857142854,21.815241504616946
2018-06-24,36,425.3579325,11.815498125,13.066500000000001,5.709282407407407,3.9088580246913582,1.8008796296296294,4.022149985171101,23,0,0.3055555555555556,1.0,0.19444444444444445,0.2222222222222222,0.19444444444444445,,6,True,6,24,25,2,36.0,30.0,28.0,61.714285714285715,62.642857142857146,20.22139366870547
2018-06-25,72,656.2773372222223,9.11496301697531,8.631499999999999,5.9553125,3.398163580246914,2.557434413580247,2.9801923526684027,44,1,0.4305555555555556,0.0,0.4722222222222222,0.05555555555555555,0.1111111111111111,20.0,0,False,6,25,26,2,36.0,66.0,78.0,62.57142857142857,63.214285714285715,18.724824368176254
2018-06-26,78,683.1814352419431,8.758736349255681,7.138,5.804928774928775,3.378992165242165,2.4267592592592595,3.2999409327173734,43,1,0.47435897435897434,0.0,0.5256410256410257,0.05128205128205128,0.14102564102564102,20.0,1,False,6,26,26,2,72.0,81.0,76.0,63.42857142857143,62.785714285714285,19.042558851662957
2018-06-27,69,624.146,9.04559420289855,7.934,6.526437198067633,2.9742230273752015,3.5526529790660226,3.733147510297837,46,0,0.5797101449275363,0.0,0.5507246376811594,0.14492753623188406,0.17391304347826086,,2,False,6,27,26,2,78.0,72.0,78.0,63.0,62.92857142857143,18.610033136277135
2018-06-28,67,612.796,9.146208955223882,7.671,5.768150912106136,2.6914013266998342,3.0774834162520732,3.6446003402395784,40,0,0.43283582089552236,0.0,0.5671641791044776,0.05970149253731343,0.16417910447761194,,3,False,6,28,26,2,69.0,76.0,72.0,62.57142857142857,62.285714285714285,18.40160448490966
2018-06-29,61,540.9057290919893,8.867307034294907,8.498,6.909166666666667,2.791967213114754,4.11773679417122,3.3946707848836777,36,0,0.45901639344262296,0.0,0.5081967213114754,0.01639344262295082,0.13114754098360656,,4,False,6,29,26,2,67.0,71.0,84.0,61.285714285714285,61.92857142857143,17.604112073738957
2018-06-30,37,409.85444277777776,11.077147102102101,8.09,5.966253753753754,2.755563063063063,3.2106906906906905,4.493190391820669,24,1,0.24324324324324326,1.0,0.2702702702702703,0.13513513513513514,0.1891891891891892,60.0,5,True,6,30,26,2,61.0,36.0,29.0,59.857142857142854,60.285714285714285,17.08243319347463
2018-07-01,48,474.008,9.875166666666667,8.3035,3.404166666666667,2.607332175925926,0.7981481481481479,4.535353979148948,24,0,0.14583333333333334,1.0,0.2708333333333333,0.16666666666666666,0.16666666666666666,,6,True,7,1,26,3,37.0,36.0,30.0,60.0,60.857142857142854,16.852299546352718
2018-07-02,62,611.277,9.859306451612904,8.817499999999999,6.048028673835125,3.838391577060932,2.2106586021505374,3.200189299345291,35,1,0.5,0.0,0.46774193548387094,0.12903225806451613,0.12903225806451613,28.0,0,False,7,2,27,3,48.0,72.0,66.0,61.714285714285715,62.142857142857146,14.442002235542981
2018-07-03,64,556.1140976702505,8.689282776097665,6.813000000000001,6.271675347222223,2.7901953125,3.4819965277777776,3.437172164755054,40,0,0.4375,0.0,0.546875,0.09375,0.109375,,1,False,7,3,27,3,62.0,78.0,81.0,60.285714285714285,61.857142857142854,13.732131246511903
2018-07-04,24,237.749,9.906208333333334,8.782,4.334664351851852,2.509780092592593,1.8248842592592593,4.600829516741762,18,0,0.20833333333333334,0.0,0.20833333333333334,0.16666666666666666,0.16666666666666666,,2,False,7,4,27,3,64.0,69.0,72.0,58.285714285714285,60.642857142857146,11.571722512433576
2018-07-05,69,638.378,9.25185507246377,7.11,5.408498389694041,2.869476650563607,2.539255233494364,3.6656116638529337,39,0,0.43478260869565216,0.0,0.4927536231884058,0.057971014492753624,0.13043478260869565,,3,False,7,5,27,3,24.0,67.0,76.0,51.857142857142854,57.214285714285715,16.201116951500325
2018-07-06,67,594.526,8.873522388059701,6.9,6.069278606965174,3.159490049751244,2.9102819237147592,3.2080574527142236,40,0,0.47761194029850745,0.0,0.5373134328358209,0.11940298507462686,0.1044776119402985,,4,False,7,6,27,3,69.0,61.0,71.0,52.142857142857146,56.714285714285715,16.52703413026239
2018-07-07,43,379.877,8.834348837209303,5.154,4.707900516795866,3.006589147286822,1.7016860465116281,4.2420503152741595,26,0,0.18604651162790697,1.0,0.23255813953488372,0.09302325581395349,0.11627906976744186,,5,True,7,7,27,3,67.0,37.0,36.0,53.0,56.42857142857143,17.20465053408527
2018-07-08,50,555.332,11.10664,11.503,4.432627777777778,2.745855555555556,1.6867722222222221,4.658975923237915,26,0,0.28,1.0,0.18,0.2,0.22,,6,True,7,8,27,3,43.0,48.0,36.0,53.857142857142854,56.92857142857143,16.40557396566355
2018-07-09,79,802.7765575,10.161728575949367,7.66,6.315165260196906,4.017960618846695,2.297827004219409,2.9647946598291766,42,2,0.4936708860759494,0.0,0.5063291139240507,0.10126582278481013,0.189873417721519,40.5,0,False,7,9,28,3,50.0,62.0,72.0,54.142857142857146,57.92857142857143,16.30366596227745
2018-07-10,79,723.1237616487449,9.153465337325885,7.337,6.721568213783404,3.713551336146273,3.0084282700421943,2.9761406108637276,42,0,0.45569620253164556,0.0,0.46835443037974683,0.0759493670886076,0.1518987341772152,,1,False,7,10,28,3,79.0,64.0,78.0,56.57142857142857,58.42857142857143,18.751507875876218
2018-07-11,78,706.263,9.054653846153846,6.632,5.505957977207977,3.649131054131054,1.8580769230769232,3.091796390193318,40,1,0.46153846153846156,0.0,0.47435897435897434,0.08974358974358974,0.20512820512820512,30.6,2,False,7,11,28,3,79.0,24.0,69.0,58.714285714285715,58.5,20.515963587040265
2018-07-12,78,655.4400468936805,8.403077524277954,7.2105,5.532136752136752,3.466574074074074,2.065982905982906,3.1180147584834903,42,0,0.4230769230769231,0.0,0.5256410256410257,0.05128205128205128,0.14102564102564102,,3,False,7,12,28,3,78.0,69.0,67.0,66.42857142857143,59.142857142857146,14.581462465028915
2018-07-13,69,602.699,8.734768115942028,7.926,7.024082125603864,3.7601851851851853,3.2647141706924314,2.921442535019052,40,0,0.5072463768115942,0.0,0.6086956521739131,0.10144927536231885,0.11594202898550725,,4,False,7,13,28,3,78.0,67.0,61.0,67.71428571428571,59.92857142857143,15.228419547174333
2018-07-14,49,562.267,11.474836734693879,9.772,6.04515873015873,3.2330385487528344,2.813112244897959,4.417981325405787,28,0,0.2857142857142857,1.0,0.24489795918367346,0.16326530612244897,0.20408163265306123,,5,True,7,14,28,3,69.0,43.0,37.0,68.0,60.5,15.231546211727798
2018-07-15,51,453.0771013888889,8.883864733115468,6.572,3.9236383442265796,2.6737799564270155,1.250996732026144,4.574159914426328,26,0,0.21568627450980393,1.0,0.11764705882352941,0.1568627450980392,0.09803921568627451,,6,True,7,15,28,3,49.0,50.0,48.0,68.85714285714286,61.357142857142854,13.680016708427534
2018-07-16,72,733.971,10.194041666666667,9.511,6.208213734567901,3.6068441358024694,2.602056327160494,3.6395645193225485,39,0,0.5,0.0,0.4305555555555556,0.1388888888888889,0.1388888888888889,,0,False,7,16,29,3,51.0,79.0,62.0,69.0,61.57142857142857,13.453624047073689
2018-07-17,68,574.82,8.453235294117647,7.41,4.848349673202614,2.4552083333333337,2.3936233660130717,3.836526471934485,38,0,0.3382352941176471,0.0,0.38235294117647056,0.058823529411764705,0.11764705882352941,,1,False,7,17,29,3,72.0,79.0,64.0,68.0,62.285714285714285,12.832251036613417
2018-07-18,79,576.3543513888889,7.295624701125176,5.892,5.077914908579466,2.715042194092827,2.363498593530239,3.29920413467358,42,0,0.379746835443038,0.0,0.45569620253164556,0.11392405063291139,0.08860759493670886,,2,False,7,18,29,3,68.0,78.0,24.0,66.42857142857143,62.57142857142857,11.900380145988917
2018-07-19,89,672.8445241278368,7.560050832897043,6.04,4.832621722846442,2.659520202020202,2.150157828282828,3.4340058885700135,44,0,0.38202247191011235,0.0,0.47191011235955055,0.0898876404494382,0.11235955056179775,,3,False,7,19,29,3,79.0,78.0,69.0,66.57142857142857,66.5,12.067271755415439
2018-07-20,82,832.379237455197,10.150966310429231,8.685500000000001,6.985115176151762,3.4537059620596207,3.5322052845528455,3.4516292052451965,42,0,0.5,0.0,0.4878048780487805,0.08536585365853659,0.21951219512195122,,4,False,7,20,29,3,89.0,69.0,67.0,68.14285714285714,67.92857142857143,14.311167800341218
2018-07-21,47,497.365,10.582234042553191,10.086,4.084728132387707,2.728481087470449,1.356932624113475,4.617510048590179,24,0,0.14893617021276595,1.0,0.3617021276595745,0.19148936170212766,0.19148936170212766,,5,True,7,21,29,3,82.0,49.0,43.0,70.0,69.0,15.253414918196714
2018-07-22,38,391.177,10.294131578947368,7.2835,3.3910964912280703,2.4629385964912283,0.9285599415204678,4.645918847930679,22,0,0.21052631578947367,1.0,0.21052631578947367,0.18421052631578946,0.15789473684210525,,6,True,7,22,29,3,47.0,51.0,50.0,69.71428571428571,69.28571428571429,15.723806639554388
2018-07-23,80,756.653,9.4581625,8.6245,6.012697916666666,3.7148958333333333,2.298208333333333,3.194780858758722,44,1,0.4625,0.0,0.55,0.1375,0.1375,25.0,0,False,7,23,30,3,38.0,72.0,79.0,67.85714285714286,68.42857142857143,18.774349269047647
2018-07-24,82,774.021,9.439280487804877,8.659500000000001,5.658458672086721,3.464884823848238,2.194376693766938,3.3398242375079135,42,0,0.4634146341463415,0.0,0.524390243902439,0.12195121951219512,0.15853658536585366,,1,False,7,24,30,3,80.0,68.0,79.0,69.0,68.5,19.304576314093662
2018-07-25,76,619.132,8.146473684210525,6.7940000000000005,5.716970029239766,3.433980263157895,2.283841374269006,3.2454355872498315,44,0,0.4342105263157895,0.0,0.5131578947368421,0.14473684210526316,0.07894736842105263,,2,False,7,25,30,3,82.0,79.0,78.0,71.0,68.71428571428571,19.899748742132385
2018-07-26,84,700.978,8.34497619047619,6.763,5.792311507936508,3.309738756613757,2.4829695767195767,3.361103190505649,43,0,0.4642857142857143,0.0,0.5238095238095238,0.07142857142857142,0.11904761904761904,,3,False,7,26,30,3,76.0,89.0,78.0,70.57142857142857,68.57142857142857,19.73032473847589
2018-07-27,81,752.255,9.287098765432098,7.662,6.632054183813444,3.9265775034293555,2.7066426611796985,3.2099287128345138,43,0,0.41975308641975306,0.0,0.5555555555555556,0.09876543209876543,0.1111111111111111,,4,False,7,27,30,3,84.0,82.0,69.0,69.85714285714286,69.0,19.03005142249638
2018-07-28,60,554.1367608333334,9.235612680555557,6.7275,5.168935185185186,2.594796296296296,2.575486111111111,4.367631064190837,28,0,0.23333333333333334,1.0,0.25,0.1,0.18333333333333332,,5,True,7,28,30,3,81.0,47.0,49.0,69.71428571428571,69.85714285714286,18.927178744812828
2018-07-29,45,529.62,11.769333333333334,10.588,4.0173950617283944,2.6290246913580244,1.3890864197530866,4.916333630273953,24,0,0.2222222222222222,1.0,0.15555555555555556,0.13333333333333333,0.24444444444444444,,6,True,7,29,30,3,60.0,38.0,51.0,71.57142857142857,70.64285714285714,16.85088665181688
2018-07-30,73,704.656596176817,9.652830084613932,8.065,5.7209208523592086,3.8919101978691018,1.8299086757990866,3.061336667473579,40,0,0.4931506849315068,0.0,0.5068493150684932,0.1095890410958904,0.1095890410958904,,0,False,7,30,31,3,45.0,80.0,72.0,72.57142857142857,70.21428571428571,14.581462465028904
2018-07-31,83,727.0721750298686,8.759905723251428,7.191,5.485689424364123,3.591338688085676,1.8949364123159305,2.855716895376817,42,1,0.43373493975903615,0.0,0.4578313253012048,0.08433734939759036,0.12048192771084337,25.0,1,False,7,31,31,3,73.0,82.0,68.0,71.57142857142857,70.28571428571429,14.222718245318422
2018-08-01,80,717.016,8.9627,7.2785,6.212381944444444,4.10121875,2.1117777777777778,2.6795545182529557,44,2,0.5125,0.0,0.5125,0.075,0.15,32.525,2,False,8,1,31,3,83.0,76.0,79.0,71.71428571428571,71.35714285714286,14.349381934590811
2018-08-02,80,686.852,8.58565,7.8134999999999994,5.2963611111111115,3.641548611111111,1.6552222222222224,2.9169471855558284,45,3,0.4375,0.0,0.55,0.05,0.0875,38.6,3,False,8,2,31,3,80.0,84.0,89.0,72.28571428571429,71.42857142857143,14.625483304997518
2018-08-03,90,702.0871108333333,7.800967898148148,6.934,6.807533950617285,3.6529166666666666,3.1553487654320986,2.9141322194432173,42,1,0.3888888888888889,0.0,0.4111111111111111,0.13333333333333333,0.07777777777777778,69.93,4,False,8,3,31,3,80.0,81.0,82.0,71.71428571428571,70.78571428571429,14.162324264449948
2018-08-04,55,483.834,8.796981818181818,8.707,4.317545454545455,2.9035151515151516,1.4154292929292929,4.15787275946835,32,1,0.21818181818181817,1.0,0.2727272727272727,0.32727272727272727,0.01818181818181818,60.0,5,True,8,4,31,3,90.0,60.0,47.0,73.0,71.35714285714286,15.491933384829638
2018-08-05,59,521.675,8.841949152542371,7.319,2.905823917137477,2.254011299435028,0.6540065913370998,4.687545183071745,32,0,0.13559322033898305,1.0,0.1694915254237288,0.288135593220339,0.03389830508474576,,6,True,8,5,31,3,55.0,45.0,38.0,72.28571428571429,71.92857142857143,16.286131991301506
2018-08-06,87,807.181,9.277942528735633,9.13,5.078566411238825,3.239032567049809,1.8404661558109836,3.6941268563418026,42,1,0.39080459770114945,0.0,0.47126436781609193,0.2988505747126437,0.034482758620689655,37.5,0,False,8,6,32,3,59.0,73.0,80.0,74.28571428571429,73.42857142857143,12.880402241574636
2018-08-07,70,657.0728408422934,9.38675486917562,8.574,8.252277777777778,5.244571428571429,3.00831746031746,2.3673489001960504,44,1,0.7,0.0,0.5571428571428572,0.2714285714285714,0.02857142857142857,30.6,1,False,8,7,32,3,87.0,83.0,82.0,76.28571428571429,73.92857142857143,13.707835784862638
2018-08-08,84,689.895,8.213035714285715,6.7735,5.90281746031746,3.722275132275133,2.181494708994709,3.1345958694800955,44,1,0.4880952380952381,0.0,0.4880952380952381,0.16666666666666666,0.03571428571428571,50.0,2,False,8,8,32,3,70.0,80.0,76.0,74.42857142857143,73.07142857142857,13.525989093311436
2018-08-09,91,763.729,8.392626373626374,7.826,6.095067155067156,3.824065934065934,2.2717155067155064,3.1307294956678877,46,2,0.46153846153846156,0.0,0.45054945054945056,0.17582417582417584,0.03296703296703297,11.4,3,False,8,9,32,3,84.0,80.0,84.0,75.0,73.64285714285714,13.880441875771304
2018-08-10,87,723.8801861111111,8.320461909323116,7.295,5.6690038314176245,3.2158876117496806,2.4536590038314174,3.381339774811517,42,2,0.42528735632183906,0.0,0.47126436781609193,0.20689655172413793,0.022988505747126436,56.25,4,False,8,10,32,3,91.0,90.0,81.0,76.57142857142857,74.14285714285714,15.109126853849398
2018-08-11,38,368.58799999999997,9.699684210526314,10.379,3.6801827485380114,2.686030701754386,0.9954312865497075,4.776768813527203,20,1,0.15789473684210525,1.0,0.2894736842105263,0.3157894736842105,0.02631578947368421,43.4,5,True,8,11,32,3,87.0,55.0,60.0,76.14285714285714,74.57142857142857,14.701797752072906
2018-08-12,40,340.516,8.5129,6.6975,3.598173611111111,2.5199861111111113,1.0797986111111109,4.5283146565937775,20,2,0.175,1.0,0.15,0.275,0.05,29.25,6,True,8,12,32,3,38.0,59.0,45.0,73.71428571428571,73.0,19.422618135516494
2018-08-13,90,756.337,8.403744444444444,7.9925,5.3930339506172835,3.411771604938272,1.9821975308641975,2.9456517903057846,44,2,0.4111111111111111,0.0,0.4888888888888889,0.23333333333333334,0.022222222222222223,24.5,0,False,8,13,33,3,40.0,87.0,73.0,71.0,72.64285714285714,22.847319317591708
2018-08-14,90,762.183,8.4687,7.987,5.699407407407408,3.4935555555555555,2.206429012345679,3.261038648455344,45,2,0.4111111111111111,0.0,0.4444444444444444,0.23333333333333334,0.011111111111111112,27.5,1,False,8,14,33,3,90.0,70.0,83.0,71.42857142857143,73.85714285714286,23.222526010012636
2018-08-15,85,666.12,7.836705882352941,6.787,5.741137254901961,3.555258169934641,2.1871111111111112,2.912696577504254,45,0,0.4470588235294118,0.0,0.5058823529411764,0.18823529411764706,0.0,,2,False,8,15,33,3,90.0,84.0,80.0,74.28571428571429,74.35714285714286,24.226117351006966
2018-08-16,83,641.723,7.731602409638554,7.235,6.0392034805890225,3.151649933065596,2.887941767068273,3.1892350735585615,46,1,0.5421686746987951,0.0,0.5301204819277109,0.20481927710843373,0.0,8.0,3,False,8,16,33,3,85.0,91.0,80.0,74.42857142857143,74.71428571428571,24.29579622662557
2018-08-17,90,727.9867869444445,8.088742077160495,6.4055,5.043648148148148,3.0970586419753086,1.947320987654321,3.3054250801049685,45,2,0.36666666666666664,0.0,0.4888888888888889,0.17777777777777778,0.03333333333333333,41.75,4,False,8,17,33,3,83.0,87.0,90.0,73.28571428571429,74.92857142857143,23.563490726929533
2018-08-18,68,616.79,9.070441176470588,6.4879999999999995,3.986915849673203,2.5555882352941177,1.4342034313725491,4.5091777917349525,29,3,0.17647058823529413,1.0,0.2647058823529412,0.2647058823529412,0.058823529411764705,34.18,5,True,8,18,33,3,90.0,38.0,55.0,73.71428571428571,74.92857142857143,23.879658608072564
2018-08-19,59,417.725,7.080084745762712,5.622,3.005856873822976,1.9929661016949154,1.0147504708097927,4.849024035746921,27,3,0.06779661016949153,1.0,0.23728813559322035,0.1694915254237288,0.03389830508474576,55.913333333333334,6,True,8,19,33,3,68.0,40.0,59.0,78.0,75.85714285714286,18.484227510682324
2018-08-20,89,850.136,9.552089887640449,9.857,5.648714107365793,3.4967259675405744,2.1527247191011236,3.249866726682254,46,3,0.47191011235955055,0.0,0.4943820224719101,0.2696629213483146,0.056179775280898875,32.4,0,False,8,20,34,3,59.0,90.0,87.0,80.71428571428571,75.85714285714286,12.351980754981238
2018-08-21,81,740.005,9.135864197530864,9.997,6.692654320987654,3.99491426611797,2.6993278463648833,3.1173879040672827,47,3,0.6172839506172839,0.0,0.5185185185185185,0.32098765432098764,0.024691358024691357,33.22,1,False,8,21,34,3,89.0,90.0,70.0,80.57142857142857,76.0,12.231886511043419
2018-08-22,91,803.5284059767023,8.829982483260464,7.795,5.461657509157509,3.5456344696969695,2.083320707070707,2.9856426888306724,44,3,0.43956043956043955,0.0,0.4945054945054945,0.21978021978021978,0.03296703296703297,55.343333333333334,2,False,8,22,34,3,81.0,85.0,84.0,79.28571428571429,76.78571428571429,11.528432760126606
2018-08-23,79,621.573,7.868012658227848,6.777,5.554767932489451,3.119774964838256,2.4354043600562587,3.1535169622863455,44,1,0.5316455696202531,0.0,0.5063291139240507,0.189873417721519,0.0379746835443038,17.16,3,False,8,23,34,3,91.0,83.0,91.0,80.14285714285714,77.28571428571429,12.226045578034988
2018-08-24,87,674.195259480286,7.7493707986239775,5.883,6.81721264367816,4.038291826309068,2.7795721583652617,2.5157928546133204,48,4,0.47126436781609193,0.0,0.5287356321839081,0.14942528735632185,0.09195402298850575,42.2,4,False,8,24,34,3,79.0,90.0,87.0,79.57142857142857,76.42857142857143,12.163567772342924
2018-08-25,58,572.23,9.866034482758621,7.813000000000001,4.164813218390805,2.3645689655172415,1.80132183908046,4.996487910970507,24,4,0.1896551724137931,1.0,0.3103448275862069,0.29310344827586204,0.08620689655172414,62.0,5,True,8,25,34,3,87.0,68.0,38.0,79.14285714285714,76.42857142857143,11.781745363464713
2018-08-26,59,451.841,7.658322033898306,6.274,3.1805649717514126,2.0490772128060266,1.1329190207156308,4.792744071424889,26,1,0.13559322033898305,1.0,0.2033898305084746,0.288135593220339,0.01694915254237288,24.0,6,True,8,26,34,3,58.0,59.0,40.0,77.71428571428571,77.85714285714286,13.792682670100614
2018-08-27,91,793.551,8.72034065934066,8.814,6.146260683760684,3.652771672771673,2.4940262515262512,2.9269036668211026,48,2,0.46153846153846156,0.0,0.5054945054945055,0.23076923076923078,0.03296703296703297,49.85,0,False,8,27,35,3,59.0,89.0,90.0,77.71428571428571,79.21428571428571,13.792682670100614
2018-08-28,87,662.702971326165,7.617275532484655,6.662,5.3181226053639845,2.868049095607235,2.4228811369509042,3.2846647337255486,46,2,0.4367816091954023,0.0,0.4942528735632184,0.19540229885057472,0.034482758620689655,25.0,1,False,8,28,35,3,91.0,81.0,90.0,78.0,79.28571428571429,14.083086782851689
2018-08-29,95,766.212,8.06538947368421,6.395,5.386605263157895,3.2672222222222222,2.1200643274853803,3.091980937682797,46,1,0.43157894736842106,0.0,0.43157894736842106,0.1368421052631579,0.021052631578947368,27.2,2,False,8,29,35,3,87.0,91.0,85.0,78.85714285714286,79.07142857142857,14.473292316407798
2018-08-30,90,840.3820000000001,9.337577777777778,7.7645,5.508987654320988,3.1115185185185186,2.3982716049382713,3.4940788834577776,47,3,0.45555555555555555,0.0,0.5,0.2,0.06666666666666667,68.66666666666667,3,False,8,30,35,3,95.0,79.0,83.0,79.42857142857143,79.78571428571429,15.098091963966159
2018-08-31,94,755.507,8.037308510638297,6.716,5.646536643026005,2.9378959810874705,2.709580378250591,3.4390297556496234,48,1,0.3723404255319149,0.0,0.5638297872340425,0.20212765957446807,0.031914893617021274,32.0,4,False,8,31,35,3,90.0,87.0,90.0,81.0,80.28571428571429,15.609825965290746
2018-09-01,42,396.585,9.442499999999999,8.019,4.3867791005291,2.069431216931217,2.3185119047619045,4.876702340826294,24,1,0.21428571428571427,1.0,0.47619047619047616,0.30952380952380953,0.047619047619047616,8.0,5,True,9,1,35,3,94.0,58.0,68.0,82.0,80.57142857142857,16.26857912254986
2018-09-02,50,453.487,9.069740000000001,7.4350000000000005,3.673172222222222,2.3916277777777775,1.2835055555555557,4.6284525876447615,24,1,0.18,1.0,0.14,0.2,0.04,80.0,6,True,9,2,35,3,42.0,59.0,59.0,79.71428571428571,78.71428571428571,20.718062053148063
2018-09-03,34,275.594,8.105705882352941,6.548,3.285261437908497,1.9773692810457515,1.3080718954248365,4.462205850517709,20,1,0.08823529411764706,0.0,0.17647058823529413,0.2647058823529412,0.058823529411764705,40.0,0,False,9,3,36,3,50.0,91.0,89.0,78.42857142857143,78.07142857142857,22.426599852683406
2018-09-04,86,802.973,9.336895348837208,9.7165,5.842616279069768,3.8488178294573645,1.9943604651162792,3.410684184137202,48,1,0.5,0.0,0.5581395348837209,0.313953488372093,0.023255813953488372,20.0,1,False,9,4,36,3,34.0,87.0,81.0,70.28571428571429,74.14285714285714,26.985886964079835
2018-09-05,89,819.5002786111111,9.207868299001248,8.06,6.40688202247191,2.974559925093633,3.432865168539326,3.711346859724007,47,3,0.4943820224719101,0.0,0.5056179775280899,0.2247191011235955,0.06741573033707865,31.833333333333332,2,False,9,5,36,3,86.0,95.0,91.0,70.14285714285714,74.5,26.885117143310396
2018-09-06,97,831.13,8.568350515463917,9.188,5.128931844215349,2.6199484536082474,2.5098654066437573,3.9414314213890713,45,5,0.3917525773195876,0.0,0.4742268041237113,0.25773195876288657,0.010309278350515464,30.622000000000003,3,False,9,6,36,3,89.0,90.0,79.0,69.28571428571429,74.35714285714286,26.043004727528924
2018-09-07,97,876.4644698327294,9.03571618384257,8.658,5.9044358533791526,3.392812142038946,2.5132474226804127,3.423157934378282,49,8,0.3711340206185567,0.0,0.5360824742268041,0.23711340206185566,0.041237113402061855,38.01375,4,False,9,7,36,3,97.0,94.0,87.0,70.28571428571429,75.64285714285714,27.084523783360623
2018-09-08,47,422.009,8.978914893617022,9.964,4.99371158392435,2.262228132387707,2.7325413711583924,4.786758067349368,24,3,0.23404255319148937,1.0,0.3404255319148936,0.3404255319148936,0.0,18.833333333333332,5,True,9,8,36,3,97.0,42.0,58.0,70.71428571428571,76.35714285714286,27.542175450959338
2018-09-09,51,411.925,8.076960784313727,6.988,2.974662309368192,1.9372549019607843,1.038937908496732,4.669738683028489,23,4,0.09803921568627451,1.0,0.3137254901960784,0.2549019607843137,0.0392156862745098,16.505,6,True,9,9,36,3,47.0,50.0,59.0,71.42857142857143,75.57142857142857,26.726124191242413
2018-09-10,91,759.66,8.347912087912087,7.882,5.02026862026862,3.322875457875458,1.6982295482295482,3.4483665786437228,50,8,0.3626373626373626,0.0,0.5604395604395604,0.23076923076923078,0.02197802197802198,22.875,0,False,9,10,37,3,51.0,34.0,91.0,71.57142857142857,75.0,26.594843753737546
2018-09-11,106,914.5863930704669,8.628173519532707,8.061,5.436090146750525,2.974862433862434,2.462283068783069,3.7962560836208525,50,8,0.4056603773584906,0.0,0.5,0.16037735849056603,0.05660377358490566,32.76625,1,False,9,11,37,3,91.0,86.0,87.0,79.71428571428571,75.0,21.39091930169031
2018-09-12,82,632.414,7.712365853658536,6.289,6.047936991869919,2.9601253387533877,3.0884722222222223,3.2298837904542532,45,4,0.524390243902439,0.0,0.5609756097560976,0.1951219512195122,0.012195121951219513,21.7,2,False,9,12,37,3,106.0,89.0,95.0,82.57142857142857,76.35714285714286,23.5927753267615
2018-09-13,92,798.476,8.67908695652174,7.7725,5.745908816425121,3.2347644927536234,2.5124667874396134,3.5539530164695226,47,5,0.4891304347826087,0.0,0.532608695652174,0.22826086956521738,0.021739130434782608,51.022000000000006,3,False,9,13,37,3,82.0,97.0,90.0,81.57142857142857,75.42857142857143,23.42261829128089
2018-09-14,96,774.9639999999999,8.072541666666666,6.593,5.473466435185185,2.63755787037037,2.836545138888889,3.849559472532779,48,6,0.4375,0.0,0.53125,0.1875,0.03125,32.485,4,False,9,14,37,3,92.0,97.0,94.0,80.85714285714286,75.57142857142857,22.945068979547415
2018-09-15,52,463.926,8.921653846153847,7.204,3.606527777777778,1.8518482905982907,1.7550000000000001,4.913083262294079,22,4,0.11538461538461539,1.0,0.2692307692307692,0.17307692307692307,0.057692307692307696,35.505,5,True,9,15,37,3,96.0,47.0,42.0,80.71428571428571,75.71428571428571,22.830639396173158
2018-09-16,56,649.242,11.593607142857142,11.255,4.8238095238095235,2.951170634920635,1.874171626984127,4.564911980392222,27,11,0.21428571428571427,1.0,0.30357142857142855,0.25,0.14285714285714285,49.48818181818182,6,True,9,16,37,3,52.0,51.0,50.0,81.42857142857143,76.42857142857143,21.647610667670605
2018-09-17,90,856.985,9.522055555555555,9.837,5.964373456790123,3.17216975308642,2.793638888888889,3.54578946258917,46,5,0.4222222222222222,0.0,0.5222222222222223,0.25555555555555554,0.044444444444444446,37.462,0,False,9,17,38,3,56.0,91.0,34.0,82.14285714285714,76.85714285714286,20.529885301096765
2018-09-18,91,785.966,8.63698901098901,7.491,5.772689255189255,2.9641910866910868,2.8098137973137973,3.7266144646665573,48,6,0.5384615384615384,0.0,0.5604395604395604,0.27472527472527475,0.03296703296703297,24.03333333333333,1,False,9,18,38,3,90.0,106.0,86.0,82.0,80.85714285714286,20.461345670963706
2018-09-19,92,778.616,8.463217391304347,7.304,5.899359903381642,2.8574124396135265,3.04318538647343,3.7418998488870185,45,5,0.4673913043478261,0.0,0.5,0.22826086956521738,0.021739130434782608,18.240000000000002,2,False,9,19,38,3,91.0,82.0,89.0,79.85714285714286,81.21428571428571,18.188169886206865
2018-09-20,94,796.127,8.469436170212765,7.3965,5.49193853427896,2.687302009456265,2.80548463356974,3.7090724771200296,48,5,0.43617021276595747,0.0,0.5,0.20212765957446807,0.02127659574468085,20.496000000000002,3,False,9,20,38,3,92.0,92.0,97.0,81.28571428571429,81.42857142857143,18.76800722607741
2018-09-21,92,779.9989065143144,8.478248983851243,7.253500000000001,6.744770531400967,2.933731884057971,3.8119384057971013,3.6125843468896552,49,7,0.4673913043478261,0.0,0.5108695652173914,0.13043478260869565,0.05434782608695652,31.247142857142855,4,False,9,21,38,3,94.0,96.0,97.0,81.57142857142857,81.21428571428571,18.972411047423034
2018-09-22,62,515.5795125448024,8.315798589432296,7.5615,3.991913082437276,2.2973163082437273,1.695918458781362,5.139711679353066,30,1,0.12903225806451613,1.0,0.3225806451612903,0.27419354838709675,0.03225806451612903,24.0,5,True,9,22,38,3,92.0,52.0,47.0,81.0,80.85714285714286,18.520259177452097
2018-09-23,52,523.7288449731287,10.071708557175553,10.1745,3.6215811965811966,2.6906303418803423,0.9313995726495725,4.857528447654527,26,6,0.15384615384615385,1.0,0.34615384615384615,0.3076923076923077,0.07692307692307693,34.626666666666665,6,True,9,23,38,3,62.0,56.0,51.0,82.42857142857143,81.92857142857143,16.143699935858766
2018-09-24,98,851.3126443727538,8.686863718089324,6.1725,5.7734665532879825,4.024858276643991,1.750374149659864,2.3923545368943677,51,10,0.4897959183673469,0.0,0.5408163265306123,0.05102040816326531,0.1326530612244898,35.608,0,False,9,24,39,3,52.0,90.0,91.0,81.85714285714286,82.0,17.26681375190153
2018-09-25,104,920.1058397909203,8.847171536451157,8.065999999999999,5.671543803418803,3.723362713675214,1.9488381410256408,3.118205412382422,50,17,0.41346153846153844,0.0,0.46153846153846156,0.14423076923076922,0.08653846153846154,21.704117647058826,1,False,9,25,39,3,98.0,91.0,106.0,83.0,82.5,18.138357147217018
2018-09-26,93,918.7598602150201,9.879138281881938,9.696,5.979832735961768,3.1827538829151734,2.798175029868578,3.707428418328459,48,16,0.45161290322580644,0.0,0.5053763440860215,0.1935483870967742,0.0967741935483871,28.945625,2,False,9,26,39,3,104.0,92.0,82.0,84.85714285714286,82.35714285714286,19.692880028312835
2018-09-27,90,747.3826172252016,8.304251302502239,7.297590800477267,6.1125185185185185,3.2871504369538074,2.6363701622971285,3.5799404227381,49,10,0.5,0.0,0.5333333333333333,0.1111111111111111,0.03333333333333333,17.655,3,False,9,27,39,3,93.0,94.0,92.0,85.0,83.14285714285714,19.75685535031656
2018-09-28,81,901.7312616487299,11.132484711712713,8.724517622459263,6.401131687242798,3.56193072702332,2.8396056241426613,3.812979245803376,44,13,0.4444444444444444,0.0,0.5679012345679012,0.19753086419753085,0.12345679012345678,32.534615384615385,4,False,9,28,39,3,90.0,92.0,96.0,84.42857142857143,83.0,19.50946046458093
2018-09-29,54,491.6657187484956,9.104920717564733,7.3735,4.790457818930041,3.165802469135803,1.625987654320988,4.697231168521223,26,3,0.16666666666666666,1.0,0.24074074074074073,0.2037037037037037,0.09259259259259259,53.38333333333333,5,True,9,29,39,3,81.0,62.0,52.0,82.85714285714286,81.92857142857143,19.239097097911216
2018-09-30,54,464.3347940292711,8.598792482023539,7.312871863798423,2.986944444444444,1.924593621399177,1.0641666666666667,5.221731631175727,26,8,0.037037037037037035,1.0,0.3148148148148148,0.2222222222222222,0.05555555555555555,30.791249999999998,6,True,9,30,39,3,54.0,52.0,56.0,81.71428571428571,82.07142857142857,20.854370331054362
2018-10-01,92,979.9397259796906,10.65151876064881,9.1575,6.124202898550726,3.4543146135265697,2.6704528985507245,3.611743694723539,50,14,0.44565217391304346,0.0,0.5217391304347826,0.20652173913043478,0.08695652173913043,18.98,0,False,10,1,40,4,54.0,98.0,90.0,82.0,81.92857142857143,20.387904911164
2018-10-02,105,1004.7677840501827,9.569216990954121,7.915,5.987809523809524,2.887812169312169,3.10144708994709,3.9702237666857525,49,17,0.44761904761904764,0.0,0.4666666666666667,0.1619047619047619,0.10476190476190476,27.70764705882353,1,False,10,2,40,4,92.0,104.0,91.0,81.14285714285714,82.07142857142857,19.718253568952864
2018-10-03,91,738.3133818936545,8.113333866963236,6.713,5.844737484737484,2.518894993894994,3.326025641025641,3.9195067694999373,48,14,0.4725274725274725,0.0,0.5274725274725275,0.12087912087912088,0.03296703296703297,22.395,2,False,10,3,40,4,105.0,93.0,92.0,81.28571428571429,83.07142857142857,19.914101249401817
2018-10-04,91,857.6819138052547,9.425075975881919,8.347417861411028,6.248406593406593,2.998574481074481,3.2503724053724055,3.6306093192606372,48,15,0.4835164835164835,0.0,0.4945054945054945,0.15384615384615385,0.0989010989010989,21.777333333333335,3,False,10,4,40,4,91.0,90.0,94.0,81.0,83.0,19.731531449264953
2018-10-05,76,667.9375247610435,8.788651641592677,6.523,5.9275913742690065,2.610201023391813,3.318033625730994,4.139179402587442,45,15,0.5,0.0,0.5526315789473685,0.10526315789473684,0.10526315789473684,22.194,4,False,10,5,40,4,91.0,81.0,92.0,81.14285714285714,82.78571428571429,19.811011848873065
2018-10-06,65,629.5097942532879,9.684766065435198,9.431,4.408598290598291,2.3956794871794873,2.01367094017094,4.799871970101714,25,7,0.16923076923076924,1.0,0.24615384615384617,0.26153846153846155,0.09230769230769231,31.857142857142858,5,True,10,6,40,4,76.0,54.0,62.0,80.42857142857143,81.64285714285714,19.906926289252006
2018-10-07,49,442.29908366487433,9.026511911528047,7.378,3.140907029478458,2.1057936507936508,1.0364399092970522,5.1439433084572315,24,5,0.10204081632653061,1.0,0.20408163265306123,0.24489795918367346,0.04081632653061224,28.932,6,True,10,7,40,4,65.0,54.0,52.0,82.0,81.85714285714286,17.795130420052143
2018-10-08,87,829.5365890143235,9.534903322003718,7.844,6.516079182630907,3.3086466408268733,3.2187403100775196,3.6806777042537435,49,21,0.47126436781609193,0.0,0.5172413793103449,0.19540229885057472,0.10344827586206896,19.91142857142857,0,False,10,8,41,4,49.0,92.0,98.0,81.28571428571429,81.64285714285714,19.154758205332698
2018-10-09,90,810.777505077666,9.0086389453074,7.286861409797104,5.755496913580247,3.1285802469135806,2.628009259259259,3.6260719424247707,48,19,0.45555555555555555,0.0,0.5,0.16666666666666666,0.05555555555555555,16.146315789473682,1,False,10,9,41,4,87.0,105.0,104.0,80.57142857142857,80.85714285714286,18.778153466702896
2018-10-10,83,797.4014581839814,9.607246484144355,8.260678016726713,6.501121151271754,3.2886880856760374,3.2126305220883533,3.4703913509502233,46,21,0.4578313253012048,0.0,0.5542168674698795,0.18072289156626506,0.0963855421686747,22.542380952380952,2,False,10,10,41,4,90.0,91.0,93.0,78.42857142857143,79.85714285714286,16.2055252188581
2018-10-11,87,743.5831155346352,8.546932362467071,7.231,6.288732439335887,2.7580686274509802,3.5199477124183005,3.855374366579772,46,21,0.5057471264367817,0.0,0.5287356321839081,0.1724137931034483,0.08045977011494253,21.612380952380953,3,False,10,11,41,4,83.0,91.0,90.0,77.28571428571429,79.14285714285714,15.434963402551151
2018-10-12,83,824.2458784348706,9.930673234155067,8.754719235363481,6.932158634538152,3.9034842249657062,3.025480109739369,3.640719953683042,47,13,0.5180722891566265,0.0,0.5903614457831325,0.24096385542168675,0.08433734939759036,34.903076923076924,4,False,10,12,41,4,87.0,76.0,81.0,76.71428571428571,78.92857142857143,14.907652237629282
2018-10-13,47,408.2912786738338,8.687048482421996,6.496,4.100065011820331,1.862565011820331,2.2386879432624114,4.661133948210109,24,3,0.1276595744680851,1.0,0.3191489361702128,0.0851063829787234,0.0425531914893617,49.72,5,True,10,13,41,4,83.0,65.0,54.0,77.71428571428571,79.07142857142857,15.085470777255404
2018-10-14,52,481.7446188769466,9.264319593787436,9.2285,3.8173397435897436,2.0281997863247865,1.789871794871795,4.923298366998518,29,6,0.17307692307692307,1.0,0.23076923076923078,0.25,0.057692307692307696,24.599999999999998,6,True,10,14,41,4,47.0,49.0,54.0,75.14285714285714,78.57142857142857,18.712104562097103
2018-10-15,79,883.5776058422828,11.184526656231428,11.038,7.080745428973278,4.136352339181287,3.1301023391812866,3.6272711970029086,46,20,0.5443037974683544,0.0,0.5569620253164557,0.24050632911392406,0.1518987341772152,30.666500000000003,0,False,10,15,42,4,52.0,87.0,92.0,75.57142857142857,78.42857142857143,18.035678925000642
2018-10-16,79,755.8317126642635,9.567490033724853,6.799,5.686511954992968,2.3555133614627284,3.331417018284107,4.800127260501436,42,17,0.3924050632911392,0.0,0.45569620253164556,0.13924050632911392,0.11392405063291139,23.64764705882353,1,False,10,16,42,4,79.0,90.0,105.0,74.42857142857143,77.5,17.434230150837717
2018-10-17,83,756.471949820788,9.114119877358892,7.814,5.58828313253012,3.0824732262382866,2.5065394912985277,3.6141555668450094,46,20,0.4457831325301205,0.0,0.5301204819277109,0.13253012048192772,0.060240963855421686,21.052,2,False,10,17,42,4,79.0,83.0,91.0,72.85714285714286,75.64285714285714,16.252472339396704
2018-10-18,81,723.6418329898511,8.933849789998161,8.57,6.347421124828531,3.175504115226337,3.1725240054869683,3.540977044598285,47,16,0.5432098765432098,0.0,0.5802469135802469,0.18518518518518517,0.07407407407407407,17.75625,3,False,10,18,42,4,83.0,87.0,91.0,72.85714285714286,75.07142857142857,16.252472339396704
2018-10-19,81,896.3527687783551,11.066083565164877,8.624,7.572630315500685,3.8099897119341564,3.7635150891632376,3.5748978730890504,46,22,0.5925925925925926,0.0,0.5679012345679012,0.13580246913580246,0.13580246913580246,25.064545454545453,4,False,10,19,42,4,81.0,83.0,76.0,72.0,74.35714285714286,15.524174696259953
2018-10-20,37,370.9498885901993,10.02567266459998,11.599,4.630112612612613,2.6120270270270267,2.018521021021021,5.128792300112596,20,5,0.10810810810810811,1.0,0.21621621621621623,0.24324324324324326,0.08108108108108109,23.625999999999998,5,True,10,20,42,4,81.0,47.0,65.0,71.71428571428571,74.71428571428571,15.304838948453297
2018-10-21,53,535.6339507168375,10.106300956921462,8.998,3.522898322851153,2.1679035639413,1.3559119496855345,5.130187859831573,27,10,0.18867924528301888,1.0,0.16981132075471697,0.24528301886792453,0.09433962264150944,37.387,6,True,10,21,42,4,37.0,52.0,49.0,70.28571428571429,72.71428571428571,18.190787830788405
2018-10-22,87,958.5607371564882,11.017939507545842,10.566479988052857,6.184626436781609,4.117519157088123,2.0676724137931033,3.3903694606849526,50,18,0.5287356321839081,0.0,0.5517241379310345,0.13793103448275862,0.11494252873563218,27.17,0,False,10,22,43,4,53.0,79.0,87.0,70.42857142857143,73.0,18.02643561418559
2018-10-23,89,758.3400501791973,8.520674721114576,7.229,5.769921972534331,3.0159519350811483,2.754878277153558,3.6070941863375534,49,14,0.47191011235955055,0.0,0.5168539325842697,0.1797752808988764,0.0449438202247191,17.354285714285716,1,False,10,23,43,4,87.0,79.0,90.0,71.57142857142857,73.0,18.89318345203843
2018-10-24,92,822.4999262245917,8.940216589397735,8.07,6.073167270531401,2.971844806763285,3.1021829710144924,3.6873942634764263,48,16,0.5108695652173914,0.0,0.532608695652174,0.16304347826086957,0.05434782608695652,25.950625000000002,2,False,10,24,43,4,89.0,83.0,83.0,73.0,72.92857142857143,19.899748742132346
2018-10-25,81,716.3517025477804,8.843848179602228,6.984,5.950781893004115,2.973727709190672,2.9774485596707816,3.7081325508458343,48,18,0.48148148148148145,0.0,0.5802469135802469,0.16049382716049382,0.1111111111111111,21.24888888888889,3,False,10,25,43,4,92.0,81.0,87.0,74.28571428571429,73.57142857142857,20.918208063106803
2018-10-26,91,926.4308073476632,10.180558322501794,8.522,7.305503663003663,3.2510246913580247,4.08725925925926,3.7214144983100423,49,20,0.4835164835164835,0.0,0.5384615384615384,0.1978021978021978,0.08791208791208792,27.936,4,False,10,26,43,4,81.0,81.0,83.0,74.28571428571429,73.14285714285714,20.918208063106803
2018-10-27,47,420.28733136498744,8.942283646063563,6.722,4.338191489361702,2.013841607565012,2.3250531914893617,4.864382386733305,27,6,0.19148936170212766,1.0,0.3191489361702128,0.2127659574468085,0.06382978723404255,26.58666666666667,5,True,10,27,43,4,91.0,37.0,47.0,75.71428571428571,73.71428571428571,21.77700840882634
2018-10-28,59,521.5887958930708,8.840488065984252,7.533699223416454,3.306139359698682,2.351473634651601,0.9571139359698682,4.8999441866109565,26,7,0.1864406779661017,1.0,0.3389830508474576,0.2542372881355932,0.05084745762711865,23.76571428571429,6,True,10,28,43,4,47.0,53.0,52.0,77.14285714285714,73.71428571428571,18.95985734324466
2018-10-29,93,903.5628237753831,9.715729287907346,8.934,5.958999402628434,3.477930107526882,2.4816009557945042,3.6709532849678337,50,21,0.4838709677419355,0.0,0.5483870967741935,0.12903225806451613,0.0967741935483871,27.95285714285714,0,False,10,29,44,4,59.0,87.0,79.0,78.0,74.21428571428571,17.785762095938747
2018-10-30,90,816.2837804659434,9.069819782954927,8.917000000000002,5.926533950617284,2.7819197530864197,3.1458796296296296,4.088053239676934,47,13,0.5222222222222223,0.0,0.4777777777777778,0.1111111111111111,0.06666666666666667,20.563076923076924,1,False,10,30,44,4,93.0,89.0,79.0,78.85714285714286,75.21428571428571,18.424879659747813
2018-10-31,100,541.7726136170733,5.4177261361707325,3.4045,5.080044444444445,3.208988888888889,1.8728444444444445,2.8945990938311525,47,21,0.41,0.0,0.48,0.0,0.09,22.95714285714286,2,False,10,31,44,4,90.0,92.0,83.0,79.0,76.0,18.520259177452086
2018-11-01,65,439.10142396653515,6.75540652256208,3.868,5.740803418803419,3.568880341880342,2.1729273504273503,2.5186418115832994,42,36,0.47692307692307695,0.0,0.6,0.015384615384615385,0.15384615384615385,14.439166666666665,3,False,11,1,44,4,100.0,81.0,81.0,80.14285714285714,77.21428571428571,19.667473752607936
2018-11-02,51,457.3275678016656,8.967207211797366,5.266,7.302467320261438,2.991067538126362,4.312374727668845,2.8518819837757166,39,30,0.5294117647058824,0.0,0.6274509803921569,0.0392156862745098,0.1568627450980392,21.83833333333333,4,False,11,2,44,4,65.0,91.0,81.0,77.85714285714286,76.07142857142857,20.46483627614748
2018-11-03,23,103.62788470728522,4.505560204664575,0.9886469534048106,3.19915458937198,1.4617222222222221,2.1479305555555555,2.4014961648089854,17,10,0.17391304347826086,1.0,0.21739130434782608,0.043478260869565216,0.08695652173913043,23.740000000000002,5,True,11,3,44,4,51.0,47.0,37.0,72.14285714285714,73.92857142857143,21.72884850015884
2018-11-04,26,178.9001130615228,6.880773579289339,2.3385440561529256,6.358696581196582,2.938354700854701,3.4228525641025644,2.873889174880359,21,12,0.3076923076923077,1.0,0.23076923076923078,0.11538461538461539,0.11538461538461539,19.325,6,True,11,4,44,4,23.0,59.0,53.0,68.71428571428571,72.92857142857143,27.487659568821538
2018-11-05,69,620.6676690561446,8.995183609509343,5.61,6.094609500805153,3.17450885668277,2.921590177133655,2.876815617134356,42,47,0.5217391304347826,0.0,0.6231884057971014,0.057971014492753624,0.2028985507246377,20.38787234042553,0,False,11,5,45,4,26.0,93.0,87.0,64.0,71.0,31.906112267087597
2018-11-06,60,476.7364898446757,7.945608164077928,6.0175,7.006157407407408,3.058385122410546,2.8642796610169494,3.2049769215208577,42,43,0.5333333333333333,0.0,0.7,0.05,0.18333333333333332,16.176976744186046,1,False,11,6,45,4,69.0,90.0,89.0,60.57142857142857,69.71428571428571,29.466688213739115
2018-11-07,46,432.236,9.396434782608695,6.6365,7.122536231884058,2.8099637681159417,4.313291062801932,3.5001938892623228,36,39,0.6739130434782609,0.0,0.6304347826086957,0.043478260869565216,0.21739130434782608,18.27025641025641,2,False,11,7,45,4,60.0,100.0,92.0,56.285714285714285,67.64285714285714,26.506063996214635
2018-11-08,58,541.239,9.331706896551724,7.417999999999999,6.907294061302681,3.0804310344827583,3.827715517241379,3.3045136311219148,39,50,0.5689655172413793,0.0,0.6379310344827587,0.0,0.13793103448275862,19.1368,3,False,11,8,45,4,46.0,65.0,81.0,48.57142857142857,64.35714285714286,18.228705776486475
2018-11-09,54,490.289,9.079425925925925,7.0245,6.469341563786008,2.877746913580247,3.592196502057613,3.4622756363270417,37,46,0.5555555555555556,0.0,0.6851851851851852,0.018518518518518517,0.2037037037037037,18.043260869565216,4,False,11,9,45,4,58.0,51.0,91.0,47.57142857142857,62.714285714285715,17.34797916047797
2018-11-10,31,299.248,9.653161290322581,4.042,4.214722222222223,2.1967831541218636,2.018467741935484,3.5016796331298856,21,20,0.22580645161290322,1.0,0.41935483870967744,0.0,0.1935483870967742,28.27,5,True,11,10,45,4,54.0,23.0,47.0,48.0,60.07142857142857,17.483325389257722
2018-11-11,16,139.19,8.699375,5.881,4.173732638888889,3.1411631944444447,1.0325694444444442,3.8609165693859038,11,13,0.125,1.0,0.25,0.125,0.1875,16.192307692307693,6,True,11,11,45,4,31.0,26.0,59.0,49.142857142857146,58.92857142857143,15.75255081384771
2018-11-12,54,475.684,8.808962962962964,5.511,6.885920781893004,3.1154320987654325,3.7713940329218105,3.0896431326636247,38,45,0.5555555555555556,0.0,0.6111111111111112,0.05555555555555555,0.16666666666666666,19.58488888888889,0,False,11,12,46,4,16.0,69.0,93.0,47.714285714285715,55.857142857142854,18.427463975583443
2018-11-13,57,544.461,9.551947368421052,6.948,6.14787037037037,3.369317738791423,2.7791276803118907,3.676973734789695,36,49,0.5263157894736842,0.0,0.5964912280701754,0.07017543859649122,0.15789473684210525,18.904693877551022,1,False,11,13,46,4,54.0,60.0,90.0,45.57142857142857,53.07142857142857,16.287593876497265
2018-11-14,53,444.562,8.387962264150943,6.568,6.134863731656185,2.7123584905660376,3.423197064989518,3.372153474653164,38,41,0.5660377358490566,0.0,0.5849056603773585,0.018867924528301886,0.1509433962264151,19.250731707317073,2,False,11,14,46,4,57.0,46.0,100.0,45.142857142857146,50.714285714285715,15.879006805932606
2018-11-15,62,617.73,9.963387096774193,7.045999999999999,6.822320788530466,3.136953405017921,3.6858915770609317,3.365054763652126,42,48,0.6129032258064516,0.0,0.6451612903225806,0.04838709677419355,0.22580645161290322,18.263541666666665,3,False,11,15,46,4,53.0,58.0,65.0,46.142857142857146,47.357142857142854,16.159915134147646
2018-11-16,57,453.518,7.956456140350877,6.543,6.934965886939571,2.491749512670565,4.44349902534113,3.219494344431885,37,45,0.45614035087719296,0.0,0.5789473684210527,0.017543859649122806,0.14035087719298245,18.458222222222222,4,False,11,16,46,4,62.0,54.0,51.0,46.714285714285715,47.142857142857146,16.710418763097834
2018-11-17,16,237.163,14.8226875,11.464,6.779045138888888,2.875347222222222,3.90470486111111,4.955979492126595,12,16,0.25,1.0,0.4375,0.0,0.3125,30.786875000000002,5,True,11,17,46,4,57.0,31.0,23.0,47.142857142857146,47.57142857142857,16.964949861686026
2018-11-18,33,273.167,8.277787878787878,2.87,4.705042087542087,2.153215488215488,2.5531902356902356,3.2446392753025917,22,19,0.21212121212121213,1.0,0.18181818181818182,0.0,0.21212121212121213,20.195263157894736,6,True,11,18,46,4,16.0,16.0,26.0,45.0,47.07142857142857,20.01665972800316
2018-11-19,59,562.366,9.531627118644067,6.203,6.670371939736347,3.8920668549905835,2.7791195856873823,3.3598186748556254,42,48,0.5084745762711864,0.0,0.559322033898305,0.01694915254237288,0.23728813559322035,19.443541666666665,0,False,11,19,47,4,33.0,54.0,69.0,47.42857142857143,47.57142857142857,16.661904081438127
2018-11-20,53,499.842,9.430981132075472,5.797,6.216168763102726,3.243197064989518,2.973569182389937,3.2820982774492142,41,42,0.5660377358490566,0.0,0.6415094339622641,0.018867924528301886,0.20754716981132076,18.812619047619048,1,False,11,20,47,4,59.0,57.0,60.0,48.142857142857146,46.857142857142854,17.092187020473826
2018-11-21,42,430.681,10.254309523809523,8.8355,5.570707671957672,2.7423809523809526,2.8286375661375662,3.7656918475226298,30,39,0.40476190476190477,0.0,0.6428571428571429,0.047619047619047616,0.19047619047619047,22.013076923076923,2,False,11,21,47,4,53.0,53.0,46.0,47.57142857142857,46.357142857142854,16.811277394030604
2018-11-22,9,86.23599999999999,9.581777777777777,11.445,4.126913580246914,2.530617283950617,1.5962962962962965,3.9703904570606507,7,8,0.1111111111111111,0.0,0.7777777777777778,0.1111111111111111,0.2222222222222222,16.1875,3,False,11,22,47,4,42.0,62.0,58.0,46.0,46.07142857142857,16.73320053068142
2018-11-23,7,86.167,12.309571428571429,9.232,13.399880952380952,4.372777777777777,9.029484126984126,4.198284379444893,7,6,0.42857142857142855,0.0,0.0,0.14285714285714285,0.2857142857142857,20.163333333333334,4,False,11,23,47,4,9.0,57.0,54.0,38.42857142857143,42.57142857142857,19.96544634159338
2018-11-24,20,238.798,11.9399,7.2915,4.077097222222222,2.2761111111111108,1.801791666666667,4.526653465890254,13,17,0.25,1.0,0.45,0.05,0.2,21.079411764705885,5,True,11,24,47,4,7.0,16.0,31.0,31.285714285714285,39.214285714285715,21.124348397952826
2018-11-25,20,124.974,6.2487,5.223000000000001,2.22225,1.662013888888889,0.5602361111111112,4.088545394393597,13,15,0.05,1.0,0.2,0.0,0.05,23.858666666666668,6,True,11,25,47,4,20.0,33.0,16.0,31.857142857142858,38.42857142857143,20.69161320783989
2018-11-26,57,519.357,9.111526315789472,5.148,6.633942495126706,3.6089912280701757,3.025501949317739,2.655696367830371,41,48,0.5087719298245614,0.0,0.6666666666666666,0.05263157894736842,0.15789473684210525,19.18104166666667,0,False,11,26,48,4,20.0,59.0,54.0,30.0,38.714285714285715,21.150256105620336
2018-11-27,52,475.60068722222223,9.146167061965812,7.047499999999999,7.432767094017094,4.068205128205128,3.364871794871795,2.796240354008528,40,48,0.7115384615384616,0.0,0.75,0.057692307692307696,0.19230769230769232,18.900625,1,False,11,27,48,4,57.0,53.0,57.0,29.714285714285715,38.92857142857143,20.701966780270553
2018-11-28,33,295.174,8.944666666666667,7.748,8.411565656565656,3.168627946127946,5.243930976430976,3.215112596842068,33,29,0.8484848484848485,0.0,1.0,0.12121212121212122,0.15151515151515152,15.31310344827586,2,False,11,28,48,4,52.0,42.0,53.0,29.571428571428573,38.57142857142857,20.517124090680394
